INSERT INTO persons (person_id, fam, name, otch, contact_id) VALUES ('1', 'Alexandrov','Peter','Andreevich','1022');
INSERT INTO donors (donor_id,person_id,bllood_gr, rf, born, sex, work, passed, lastpass) VALUES ('1', '1','4','1','1965-01-01','man','non-working','5','2012-11-08');
INSERT INTO persons (person_id, fam, name, otch, contact_id) VALUES ('2', 'Ivanova','Sophiya','Semenovna','930');
INSERT INTO donors (donor_id,person_id,bllood_gr, rf, born, sex, work, passed, lastpass) VALUES ('2', '2','4','1','1966-6-14','woman','deputate','40','2012-03-14');
INSERT INTO persons (person_id, fam, name, otch, contact_id) VALUES ('3', 'Semenov','Ivan','Semenovich','7400');
INSERT INTO donors (donor_id,person_id,bllood_gr, rf, born, sex, work, passed, lastpass) VALUES ('3', '3','2','0','1980-01-25','man','driver','9','2014-03-25');
INSERT INTO persons (person_id, fam, name, otch, contact_id) VALUES ('4', 'Ivanova','Maria','Semenovna','5279');
INSERT INTO donors (donor_id,person_id,bllood_gr, rf, born, sex, work, passed, lastpass) VALUES ('4', '4','3','1','1961-01-25','woman','RNPC','0','2008-9-25');
INSERT INTO persons (person_id, fam, name, otch, contact_id) VALUES ('5', 'Peterova','Anna','Peterovna','8395');
INSERT INTO donors (donor_id,person_id,bllood_gr, rf, born, sex, work, passed, lastpass) VALUES ('5', '5','3','0','1977-9-05','woman','driver','4','2011-6-20');
INSERT INTO persons (person_id, fam, name, otch, contact_id) VALUES ('6', 'Andreeva','Sophiya','Alexandrovna','8353');
INSERT INTO donors (donor_id,person_id,bllood_gr, rf, born, sex, work, passed, lastpass) VALUES ('6', '6','4','1','1995-9-17','woman','student','12','2010-6-05');
INSERT INTO persons (person_id, fam, name, otch, contact_id) VALUES ('7', 'Peterov','Andrew','Semenovich','2295');
INSERT INTO donors (donor_id,person_id,bllood_gr, rf, born, sex, work, passed, lastpass) VALUES ('7', '7','2','0','1981-9-20','man','teacher','17','2010-6-20');
INSERT INTO persons (person_id, fam, name, otch, contact_id) VALUES ('8', 'Alexandrova','Maria','Peterovna','4113');
INSERT INTO donors (donor_id,person_id,bllood_gr, rf, born, sex, work, passed, lastpass) VALUES ('8', '8','4','0','1973-03-08','woman','student','9','2011-6-17');
INSERT INTO persons (person_id, fam, name, otch, contact_id) VALUES ('9', 'Peterov','Semen','Ivanovich','2280');
INSERT INTO donors (donor_id,person_id,bllood_gr, rf, born, sex, work, passed, lastpass) VALUES ('9', '9','3','1','1989-03-01','man','student','28','2007-03-17');
INSERT INTO persons (person_id, fam, name, otch, contact_id) VALUES ('10', 'Semenova','Elena','Peterovna','4559');
INSERT INTO donors (donor_id,person_id,bllood_gr, rf, born, sex, work, passed, lastpass) VALUES ('10', '10','2','1','1976-03-01','woman','RNPC','33','2010-6-01');
INSERT INTO persons (person_id, fam, name, otch, contact_id) VALUES ('11', 'Alexandrova','Galina','Ivanovna','1425');
INSERT INTO donors (donor_id,person_id,bllood_gr, rf, born, sex, work, passed, lastpass) VALUES ('11', '11','4','1','1984-01-14','woman','teacher','15','2016-9-08');
INSERT INTO persons (person_id, fam, name, otch, contact_id) VALUES ('12', 'Alexandrova','Anna','Semenovna','1060');
INSERT INTO donors (donor_id,person_id,bllood_gr, rf, born, sex, work, passed, lastpass) VALUES ('12', '12','1','1','1977-9-14','woman','teacher','6','2014-03-05');
INSERT INTO persons (person_id, fam, name, otch, contact_id) VALUES ('13', 'Peterov','Andrew','Alexandrovich','8851');
INSERT INTO donors (donor_id,person_id,bllood_gr, rf, born, sex, work, passed, lastpass) VALUES ('13', '13','1','1','1966-03-14','man','student','18','2013-9-20');
INSERT INTO persons (person_id, fam, name, otch, contact_id) VALUES ('14', 'Andreeva','Elena','Andreevna','9448');
INSERT INTO donors (donor_id,person_id,bllood_gr, rf, born, sex, work, passed, lastpass) VALUES ('14', '14','4','0','1985-6-20','woman','teacher','15','2012-6-08');
INSERT INTO persons (person_id, fam, name, otch, contact_id) VALUES ('15', 'Semenov','Andrew','Ivanovich','2770');
INSERT INTO donors (donor_id,person_id,bllood_gr, rf, born, sex, work, passed, lastpass) VALUES ('15', '15','1','0','1989-01-14','man','non-working','13','2010-9-17');
INSERT INTO persons (person_id, fam, name, otch, contact_id) VALUES ('16', 'Alexandrova','Maria','Alexandrovna','7353');
INSERT INTO donors (donor_id,person_id,bllood_gr, rf, born, sex, work, passed, lastpass) VALUES ('16', '16','1','0','1981-03-08','woman','RNPC','1','2017-01-14');
INSERT INTO persons (person_id, fam, name, otch, contact_id) VALUES ('17', 'Andreev','Ivan','Andreevich','2385');
INSERT INTO donors (donor_id,person_id,bllood_gr, rf, born, sex, work, passed, lastpass) VALUES ('17', '17','2','0','1975-03-17','man','non-working','28','2010-11-01');
INSERT INTO persons (person_id, fam, name, otch, contact_id) VALUES ('18', 'Semenov','Peter','Semenovich','4586');
INSERT INTO donors (donor_id,person_id,bllood_gr, rf, born, sex, work, passed, lastpass) VALUES ('18', '18','2','0','1967-11-17','man','deputate','38','2011-01-05');
INSERT INTO persons (person_id, fam, name, otch, contact_id) VALUES ('19', 'Andreev','Alexandr','Alexandrovich','6200');
INSERT INTO donors (donor_id,person_id,bllood_gr, rf, born, sex, work, passed, lastpass) VALUES ('19', '19','4','0','1991-6-20','man','driver','34','2014-9-17');
INSERT INTO persons (person_id, fam, name, otch, contact_id) VALUES ('20', 'Alexandrova','Elena','Peterovna','8644');
INSERT INTO donors (donor_id,person_id,bllood_gr, rf, born, sex, work, passed, lastpass) VALUES ('20', '20','1','0','1960-11-05','woman','deputate','19','2013-9-25');
INSERT INTO persons (person_id, fam, name, otch, contact_id) VALUES ('21', 'Peterova','Galina','Peterovna','5617');
INSERT INTO donors (donor_id,person_id,bllood_gr, rf, born, sex, work, passed, lastpass) VALUES ('21', '21','4','0','1968-9-08','woman','teacher','15','2015-11-14');
INSERT INTO persons (person_id, fam, name, otch, contact_id) VALUES ('22', 'Andreev','Semen','Peterovich','1968');
INSERT INTO donors (donor_id,person_id,bllood_gr, rf, born, sex, work, passed, lastpass) VALUES ('22', '22','2','1','1981-03-05','man','deputate','0','2012-9-01');
INSERT INTO persons (person_id, fam, name, otch, contact_id) VALUES ('23', 'Peterova','Galina','Semenovna','4974');
INSERT INTO donors (donor_id,person_id,bllood_gr, rf, born, sex, work, passed, lastpass) VALUES ('23', '23','4','1','1966-01-14','woman','non-working','3','2016-11-25');
INSERT INTO persons (person_id, fam, name, otch, contact_id) VALUES ('24', 'Andreev','Peter','Andreevich','8425');
INSERT INTO donors (donor_id,person_id,bllood_gr, rf, born, sex, work, passed, lastpass) VALUES ('24', '24','4','0','1995-6-17','man','teacher','24','2008-11-05');
INSERT INTO persons (person_id, fam, name, otch, contact_id) VALUES ('25', 'Andreeva','Anna','Semenovna','3525');
INSERT INTO donors (donor_id,person_id,bllood_gr, rf, born, sex, work, passed, lastpass) VALUES ('25', '25','2','1','1987-03-14','woman','non-working','5','2010-03-14');
INSERT INTO persons (person_id, fam, name, otch, contact_id) VALUES ('26', 'Ivanova','Galina','Peterovna','1377');
INSERT INTO donors (donor_id,person_id,bllood_gr, rf, born, sex, work, passed, lastpass) VALUES ('26', '26','2','0','1995-11-20','woman','RNPC','23','2010-11-20');
INSERT INTO persons (person_id, fam, name, otch, contact_id) VALUES ('27', 'Semenova','Maria','Alexandrovna','1224');
INSERT INTO donors (donor_id,person_id,bllood_gr, rf, born, sex, work, passed, lastpass) VALUES ('27', '27','3','0','1972-11-25','woman','non-working','0','2015-6-08');
INSERT INTO persons (person_id, fam, name, otch, contact_id) VALUES ('28', 'Andreeva','Anna','Semenovna','385');
INSERT INTO donors (donor_id,person_id,bllood_gr, rf, born, sex, work, passed, lastpass) VALUES ('28', '28','2','1','1998-01-20','woman','RNPC','32','2012-01-05');
INSERT INTO persons (person_id, fam, name, otch, contact_id) VALUES ('29', 'Alexandrov','Peter','Ivanovich','35');
INSERT INTO donors (donor_id,person_id,bllood_gr, rf, born, sex, work, passed, lastpass) VALUES ('29', '29','4','0','1991-6-01','man','RNPC','15','2009-03-01');
INSERT INTO persons (person_id, fam, name, otch, contact_id) VALUES ('30', 'Peterova','Galina','Andreevna','5898');
INSERT INTO donors (donor_id,person_id,bllood_gr, rf, born, sex, work, passed, lastpass) VALUES ('30', '30','1','0','1966-01-14','woman','RNPC','10','2016-6-25');
INSERT INTO persons (person_id, fam, name, otch, contact_id) VALUES ('31', 'Ivanova','Anna','Ivanovna','6399');
INSERT INTO ill (ill_id, person_id, bllood_gr ,rf, disease,volume) VALUES ('1', '31','2','1','anemia','2');
INSERT INTO persons (person_id, fam, name, otch, contact_id) VALUES ('32', 'Ivanov','Ivan','Andreevich','1429');
INSERT INTO ill (ill_id, person_id, bllood_gr ,rf, disease,volume) VALUES ('2', '32','4','0','anemia','3');
INSERT INTO persons (person_id, fam, name, otch, contact_id) VALUES ('33', 'Alexandrov','Peter','Peterovich','7800');
INSERT INTO ill (ill_id, person_id, bllood_gr ,rf, disease,volume) VALUES ('3', '33','2','1','anemia','4');
INSERT INTO persons (person_id, fam, name, otch, contact_id) VALUES ('34', 'Andreeva','Elena','Ivanovna','8269');
INSERT INTO ill (ill_id, person_id, bllood_gr ,rf, disease,volume) VALUES ('4', '34','3','1','injuries','1');
INSERT INTO persons (person_id, fam, name, otch, contact_id) VALUES ('35', 'Alexandrov','Alexandr','Alexandrovich','7874');
INSERT INTO ill (ill_id, person_id, bllood_gr ,rf, disease,volume) VALUES ('5', '35','2','0','anemia','2');
INSERT INTO persons (person_id, fam, name, otch, contact_id) VALUES ('36', 'Andreev','Semen','Ivanovich','4869');
INSERT INTO ill (ill_id, person_id, bllood_gr ,rf, disease,volume) VALUES ('6', '36','3','0','injuries','3');
INSERT INTO persons (person_id, fam, name, otch, contact_id) VALUES ('37', 'Ivanov','Ivan','Peterovich','1895');
INSERT INTO ill (ill_id, person_id, bllood_gr ,rf, disease,volume) VALUES ('7', '37','3','0','homopfilia','4');
INSERT INTO persons (person_id, fam, name, otch, contact_id) VALUES ('38', 'Andreeva','Elena','Ivanovna','1141');
INSERT INTO ill (ill_id, person_id, bllood_gr ,rf, disease,volume) VALUES ('8', '38','4','0','injuries','1');
INSERT INTO persons (person_id, fam, name, otch, contact_id) VALUES ('39', 'Semenova','Anna','Alexandrovna','7346');
INSERT INTO ill (ill_id, person_id, bllood_gr ,rf, disease,volume) VALUES ('9', '39','1','1','anemia','1');
INSERT INTO persons (person_id, fam, name, otch, contact_id) VALUES ('40', 'Semenova','Sophiya','Andreevna','4606');
INSERT INTO ill (ill_id, person_id, bllood_gr ,rf, disease,volume) VALUES ('10', '40','4','1','homopfilia','1');
INSERT INTO donors_ill (donor_id, ill_id, confirm) VALUES ('27', '7', '0')
